{"cameraMode":{"drawMode":0,"name":"Shaded","section":"Shading Mode"},"sceneLighting":false,"audioPlay":false,"sceneViewState":{"m_AlwaysRefresh":true,"showFog":true,"showSkybox":false,"showFlares":true,"showImageEffects":true,"showParticleSystems":true,"showVisualEffectGraphs":true,"m_FxEnabled":false},"in2DMode":false,"pivot":{"x":0.17747128009796143,"y":1.8974344730377198,"z":0.21481040120124818},"rotation":{"x":-0.08564017713069916,"y":0.8829281330108643,"z":-0.1774250864982605,"w":-0.4261752665042877},"size":3.3396966457366945,"orthographic":false}